Model,Recall,Precision,F1-Score,AUC-ROC,Train Time (s)
Random Forest,0.9993773996056864,0.9994811124948111,0.9994292533596223,0.9999500670885849,111.01988816261292
Gradient Boosting,0.9992736328733008,0.9995848038198049,0.9994291941258886,0.9999939733406258,1486.7481644153595
XGBoost,0.9991698661409152,0.9989625479821558,0.9990661963062876,0.9999964544396679,16.710251569747925
LightGBM,0.9990660994085296,0.9991697799916978,0.9991179370103254,0.9999972079703873,10.983322143554688
Logistic Regression,0.9569368060599772,0.6732861210484048,0.7904345590125996,0.9879736925515061,3.452404260635376
